interval_start_s,interval_end_s,timestamp_start_s,timestamp_end_s,frames,fps,mean_ms,p50,p90,p95,p99
0,5,-0.033333333,4.933333333,149,30,33.56,33.33,33.33,33.33,50.33
5,10,4.966666667,9.966666667,151,30.2,33.33,33.33,33.33,33.33,33.33
10,15,10,14.96666667,150,30.2,33.33,33.33,33.33,33.33,33.33
15,20,15,19.96666667,150,30.2,33.33,33.33,33.33,33.33,33.33
20,25,20,24.96666667,150,30.2,33.33,33.33,33.33,33.33,33.33
25,30,25,29.96666667,150,30.2,33.33,33.33,33.33,33.33,33.33
30,35,30,34.93333333,149,30.2,33.33,33.33,33.33,33.33,33.33
35,40,34.96666667,39.93333333,150,30.2,33.33,33.33,33.33,33.33,33.33
40,45,39.96666667,44.93333333,150,30.2,33.33,33.33,33.33,33.33,33.33
45,50,44.96666667,49.93333333,150,30.2,33.33,33.33,33.33,33.33,33.33
50,55,49.96666667,54.93333333,150,30.2,33.33,33.33,33.33,33.33,33.33
55,60,54.96666667,59.93333333,150,30.2,33.33,33.33,33.33,33.33,33.33
60,65,59.96666667,64.93333333,150,30.2,33.33,33.33,33.33,33.33,33.33
65,70,64.96666667,69.93333333,150,30.2,33.33,33.33,33.33,33.33,33.33
70,75,69.96666667,74.93333333,150,30.2,33.33,33.33,33.33,33.33,33.33
75,80,74.96666667,79.93333333,150,30.2,33.33,33.33,33.33,33.33,33.33
80,85,79.96666667,84.93333333,150,30.2,33.33,33.33,33.33,33.33,33.33
85,90,84.96666667,89.93333333,150,30.2,33.33,33.33,33.33,33.33,33.33
90,95,89.96666667,94.93333333,150,30.2,33.33,33.33,33.33,33.33,33.33
95,100,94.96666667,99.93333333,150,30.2,33.33,33.33,33.33,33.33,33.33
100,105,99.96666667,104.9333333,150,30.2,33.33,33.33,33.33,33.33,33.33
105,110,104.9666667,109.9333333,150,30.2,33.33,33.33,33.33,33.33,33.33
110,115,109.9666667,114.9333333,150,30.2,33.33,33.33,33.33,33.33,33.33
115,120,114.9666667,119.9333333,150,30.2,33.33,33.33,33.33,33.33,33.33
120,125,119.9666667,124.9333333,150,30.2,33.33,33.33,33.33,33.33,33.33
125,130,124.9666667,129.9333333,150,30.2,33.33,33.33,33.33,33.33,33.33
130,135,129.9666667,134.9666667,151,30.2,33.33,33.33,33.33,33.33,33.33
135,140,135,139.9666667,150,30.2,33.33,33.33,33.33,33.33,33.33
140,145,140,144.9666667,150,30.2,33.33,33.33,33.33,33.33,33.33
145,150,145,149.9666667,150,30.2,33.33,33.33,33.33,33.33,33.33
150,155,150,154.9666667,150,30.2,33.33,33.33,33.33,33.33,33.33
155,160,155,159.9666667,150,30.2,33.33,33.33,33.33,33.33,33.33
160,165,160,164.9666667,150,30.2,33.33,33.33,33.33,33.33,33.33
165,170,165,169.9666667,150,30.2,33.33,33.33,33.33,33.33,33.33
170,175,170,174.9666667,150,30.2,33.33,33.33,33.33,33.33,33.33
175,180,175,179.9666667,150,30.2,33.33,33.33,33.33,33.33,33.33
180,185,180,184.9666667,150,30.2,33.33,33.33,33.33,33.33,33.33
185,190,185,189.9666667,150,30.2,33.33,33.33,33.33,33.33,33.33
190,195,190,194.9666667,150,30.2,33.33,33.33,33.33,33.33,33.33
195,200,195,199.9666667,150,30.2,33.33,33.33,33.33,33.33,33.33
200,205,200,204.9666667,150,30.2,33.33,33.33,33.33,33.33,33.33
205,210,205,209.9666667,150,30.2,33.33,33.33,33.33,33.33,33.33
210,215,210,214.9666667,150,30.2,33.33,33.33,33.33,33.33,33.33
215,220,215,219.9666667,150,30.2,33.33,33.33,33.33,33.33,33.33
220,225,220,224.9666667,150,30.2,33.33,33.33,33.33,33.33,33.33
225,230,225,229.9666667,150,30.2,33.33,33.33,33.33,33.33,33.33
230,235,230,234.9666667,150,30.2,33.33,33.33,33.33,33.33,33.33
235,240,235,239.9666667,150,30.2,33.33,33.33,33.33,33.33,33.33
240,245,240,244.9666667,150,30.2,33.33,33.33,33.33,33.33,33.33
245,250,245,249.9666667,150,30.2,33.33,33.33,33.33,33.33,33.33
250,255,250,254.9666667,150,30.2,33.33,33.33,33.33,33.33,33.33
255,260,255,259.9666667,150,30.2,33.33,33.33,33.33,33.33,33.33
260,265,260,264.9666667,150,30.2,33.33,33.33,33.33,33.33,33.33
265,270,265,269.9666667,150,30.2,33.33,33.33,33.33,33.33,33.33
270,275,270,274.9666667,150,30.2,33.33,33.33,33.33,33.33,33.33
275,280,275,279.9666667,150,30.2,33.33,33.33,33.33,33.33,33.33
280,285,280,284.9666667,150,30.2,33.33,33.33,33.33,33.33,33.33
285,290,285,289.9666667,150,30.2,33.33,33.33,33.33,33.33,33.33
290,295,290,294.9666667,150,30.2,33.33,33.33,33.33,33.33,33.33
295,300,295,299.9666667,150,30.2,33.33,33.33,33.33,33.33,33.33
300,305,300,304.9666667,150,30.2,33.33,33.33,33.33,33.33,33.33
305,310,305,309.9666667,150,30.2,33.33,33.33,33.33,33.33,33.33
310,315,310,314.9666667,150,30.2,33.33,33.33,33.33,33.33,33.33
315,320,315,319.9666667,150,30.2,33.33,33.33,33.33,33.33,33.33
320,325,320,324.9666667,150,30.2,33.33,33.33,33.33,33.33,33.33
325,330,325,329.9666667,150,30.2,33.33,33.33,33.33,33.33,33.33
330,335,330,334.9666667,150,30.2,33.33,33.33,33.33,33.33,33.33
335,340,335,339.9666667,150,30.2,33.33,33.33,33.33,33.33,33.33
340,345,340,344.9666667,150,30.2,33.33,33.33,33.33,33.33,33.33
345,350,345,349.9666667,150,30.2,33.33,33.33,33.33,33.33,33.33
350,355,350,354.9666667,150,30.2,33.33,33.33,33.33,33.33,33.33
355,360,355,359.9666667,150,30.2,33.33,33.33,33.33,33.33,33.33
360,365,360,364.9666667,150,30.2,33.33,33.33,33.33,33.33,33.33
365,370,365,369.9666667,150,30.2,33.33,33.33,33.33,33.33,33.33
370,375,370,374.9666667,150,30.2,33.33,33.33,33.33,33.33,33.33
375,380,375,379.9666667,150,30.2,33.33,33.33,33.33,33.33,33.33
380,385,380,384.9666667,150,30.2,33.33,33.33,33.33,33.33,33.33
385,390,385,389.9666667,150,30.2,33.33,33.33,33.33,33.33,33.33
390,395,390,394.9666667,150,30.2,33.33,33.33,33.33,33.33,33.33
395,400,395,399.9666667,150,30.2,33.33,33.33,33.33,33.33,33.33
400,405,400,404.9666667,150,30.2,33.33,33.33,33.33,33.33,33.33
405,410,405,409.9666667,150,30.2,33.33,33.33,33.33,33.33,33.33
410,415,410,414.9666667,150,30.2,33.33,33.33,33.33,33.33,33.33
415,420,415,419.9666667,150,30.2,33.33,33.33,33.33,33.33,33.33
420,425,420,424.9666667,150,30.2,33.33,33.33,33.33,33.33,33.33
425,430,425,429.9666667,150,30.2,33.33,33.33,33.33,33.33,33.33
430,435,430,434.9666667,150,30.2,33.33,33.33,33.33,33.33,33.33
435,440,435,439.9666667,150,30.2,33.33,33.33,33.33,33.33,33.33
440,445,440,444.9666667,150,30.2,33.33,33.33,33.33,33.33,33.33
445,450,445,449.9666667,150,30.2,33.33,33.33,33.33,33.33,33.33
450,455,450,454.9666667,150,30.2,33.33,33.33,33.33,33.33,33.33
455,460,455,459.9666667,150,30.2,33.33,33.33,33.33,33.33,33.33
460,465,460,464.9666667,150,30.2,33.33,33.33,33.33,33.33,33.33
465,470,465,469.9666667,150,30.2,33.33,33.33,33.33,33.33,33.33
470,475,470,474.9666667,150,30.2,33.33,33.33,33.33,33.33,33.33
475,480,475,479.9666667,150,30.2,33.33,33.33,33.33,33.33,33.33
480,485,480,484.9666667,150,30.2,33.33,33.33,33.33,33.33,33.33
485,490,485,489.9666667,150,30.2,33.33,33.33,33.33,33.33,33.33
490,495,490,494.9666667,150,30.2,33.33,33.33,33.33,33.33,33.33
495,500,495,499.9666667,150,30.2,33.33,33.33,33.33,33.33,33.33
500,505,500,504.9666667,150,30.2,33.33,33.33,33.33,33.33,33.33
505,510,505,509.9666667,150,30.2,33.33,33.33,33.33,33.33,33.33
510,515,510,514.9333333,149,30.2,33.33,33.33,33.33,33.33,33.33
515,520,514.9666667,519.9333333,150,30.2,33.33,33.33,33.33,33.33,33.33
520,525,519.9666667,524.9333333,150,30.2,33.33,33.33,33.33,33.33,33.33
525,530,524.9666667,529.9333333,150,30.2,33.33,33.33,33.33,33.33,33.33
530,535,529.9666667,534.9333333,150,30.2,33.33,33.33,33.33,33.33,33.33
535,540,534.9666667,539.9333333,150,30.2,33.33,33.33,33.33,33.33,33.33
540,545,539.9666667,544.9333333,150,30.2,33.33,33.33,33.33,33.33,33.33
545,550,544.9666667,549.9333333,150,30.2,33.33,33.33,33.33,33.33,33.33
550,555,549.9666667,554.9333333,150,30.2,33.33,33.33,33.33,33.33,33.33
555,560,554.9666667,559.9333333,150,30.2,33.33,33.33,33.33,33.33,33.33
560,565,559.9666667,564.9333333,150,30.2,33.33,33.33,33.33,33.33,33.33
565,570,564.9666667,569.9333333,150,30.2,33.33,33.33,33.33,33.33,33.33
570,575,569.9666667,574.9333333,150,30.2,33.33,33.33,33.33,33.33,33.33
575,580,574.9666667,579.9333333,150,30.2,33.33,33.33,33.33,33.33,33.33
580,585,579.9666667,584.9333333,150,30.2,33.33,33.33,33.33,33.33,33.33
585,590,584.9666667,589.9333333,150,30.2,33.33,33.33,33.33,33.33,33.33
590,595,589.9666667,594.9333333,150,30.2,33.33,33.33,33.33,33.33,33.33
595,600,594.9666667,599.9333333,150,30.2,33.33,33.33,33.33,33.33,33.33
600,605,599.9666667,604.9333333,150,30.2,33.33,33.33,33.33,33.33,33.33
605,610,604.9666667,609.9333333,150,30.2,33.33,33.33,33.33,33.33,33.33
610,615,609.9666667,614.9333333,150,30.2,33.33,33.33,33.33,33.33,33.33
615,620,614.9666667,619.9333333,150,30.2,33.33,33.33,33.33,33.33,33.33
620,625,619.9666667,624.9333333,150,30.2,33.33,33.33,33.33,33.33,33.33
625,630,624.9666667,629.9333333,150,30.2,33.33,33.33,33.33,33.33,33.33
630,635,629.9666667,634.9333333,150,30.2,33.33,33.33,33.33,33.33,33.33
635,640,634.9666667,639.9333333,150,30.2,33.33,33.33,33.33,33.33,33.33
640,645,639.9666667,644.9333333,150,30.2,33.33,33.33,33.33,33.33,33.33
645,650,644.9666667,649.9333333,150,30.2,33.33,33.33,33.33,33.33,33.33
650,655,649.9666667,654.9333333,150,30.2,33.33,33.33,33.33,33.33,33.33
655,660,654.9666667,659.9333333,150,30.2,33.33,33.33,33.33,33.33,33.33
660,665,659.9666667,664.9333333,150,30.2,33.33,33.33,33.33,33.33,33.33
665,670,664.9666667,669.9333333,150,30.2,33.33,33.33,33.33,33.33,33.33
670,675,669.9666667,674.9333333,150,30.2,33.33,33.33,33.33,33.33,33.33
675,680,674.9666667,679.9333333,150,30.2,33.33,33.33,33.33,33.33,33.33
680,685,679.9666667,684.9333333,150,30.2,33.33,33.33,33.33,33.33,33.33
685,690,684.9666667,689.9333333,150,30.2,33.33,33.33,33.33,33.33,33.33
690,695,689.9666667,694.9333333,150,30.2,33.33,33.33,33.33,33.33,33.33
695,700,694.9666667,699.9333333,150,30.2,33.33,33.33,33.33,33.33,33.33
700,705,699.9666667,704.9333333,150,30.2,33.33,33.33,33.33,33.33,33.33
705,710,704.9666667,709.9333333,150,30.2,33.33,33.33,33.33,33.33,33.33
710,715,709.9666667,714.9333333,150,30.2,33.33,33.33,33.33,33.33,33.33
715,720,714.9666667,719.9333333,150,30.2,33.33,33.33,33.33,33.33,33.33
720,725,719.9666667,724.9333333,150,30.2,33.33,33.33,33.33,33.33,33.33
725,730,724.9666667,729.9333333,150,30.2,33.33,33.33,33.33,33.33,33.33
730,735,729.9666667,734.9333333,150,30.2,33.33,33.33,33.33,33.33,33.33
735,740,734.9666667,739.9333333,150,30.2,33.33,33.33,33.33,33.33,33.33
740,745,739.9666667,744.9333333,150,30.2,33.33,33.33,33.33,33.33,33.33
745,750,744.9666667,749.9333333,150,30.2,33.33,33.33,33.33,33.33,33.33
750,755,749.9666667,754.9333333,150,30.2,33.33,33.33,33.33,33.33,33.33
755,760,754.9666667,759.9333333,150,30.2,33.33,33.33,33.33,33.33,33.33
760,765,759.9666667,764.9333333,150,30.2,33.33,33.33,33.33,33.33,33.33
765,770,764.9666667,769.9333333,150,30.2,33.33,33.33,33.33,33.33,33.33
770,775,769.9666667,774.9333333,150,30.2,33.33,33.33,33.33,33.33,33.33
775,780,774.9666667,779.9333333,150,30.2,33.33,33.33,33.33,33.33,33.33
780,785,779.9666667,784.9333333,150,30.2,33.33,33.33,33.33,33.33,33.33
785,790,784.9666667,789.9333333,150,30.2,33.33,33.33,33.33,33.33,33.33
790,795,789.9666667,794.9333333,150,30.2,33.33,33.33,33.33,33.33,33.33
795,800,794.9666667,799.9333333,150,30.2,33.33,33.33,33.33,33.33,33.33
800,805,799.9666667,804.9333333,150,30.2,33.33,33.33,33.33,33.33,33.33
805,810,804.9666667,809.9333333,150,30.2,33.33,33.33,33.33,33.33,33.33
810,815,809.9666667,814.9333333,150,30.2,33.33,33.33,33.33,33.33,33.33
815,820,814.9666667,819.9333333,150,30.2,33.33,33.33,33.33,33.33,33.33
820,825,819.9666667,824.9333333,150,30.2,33.33,33.33,33.33,33.33,33.33
825,830,824.9666667,829.9333333,150,30.2,33.33,33.33,33.33,33.33,33.33
830,835,829.9666667,834.9333333,150,30.2,33.33,33.33,33.33,33.33,33.33
835,840,834.9666667,839.9333333,150,30.2,33.33,33.33,33.33,33.33,33.33
840,845,839.9666667,844.9333333,150,30.2,33.33,33.33,33.33,33.33,33.33
845,850,844.9666667,849.9333333,150,30.2,33.33,33.33,33.33,33.33,33.33
850,855,849.9666667,854.9333333,150,30.2,33.33,33.33,33.33,33.33,33.33
855,860,854.9666667,859.9333333,150,30.2,33.33,33.33,33.33,33.33,33.33
860,865,859.9666667,864.9333333,150,30.2,33.33,33.33,33.33,33.33,33.33
865,870,864.9666667,869.9333333,150,30.2,33.33,33.33,33.33,33.33,33.33
870,875,869.9666667,874.9333333,150,30.2,33.33,33.33,33.33,33.33,33.33
875,880,874.9666667,879.9333333,150,30.2,33.33,33.33,33.33,33.33,33.33
880,885,879.9666667,884.9333333,150,30.2,33.33,33.33,33.33,33.33,33.33
885,890,884.9666667,889.9333333,150,30.2,33.33,33.33,33.33,33.33,33.33
890,895,889.9666667,894.9333333,150,30.2,33.33,33.33,33.33,33.33,33.33
895,900,894.9666667,899.9333333,150,30.2,33.33,33.33,33.33,33.33,33.33
900,905,899.9666667,904.9333333,150,30.2,33.33,33.33,33.33,33.33,33.33
905,910,904.9666667,909.9333333,150,30.2,33.33,33.33,33.33,33.33,33.33
910,915,909.9666667,914.9333333,150,30.2,33.33,33.33,33.33,33.33,33.33
915,920,914.9666667,919.9333333,150,30.2,33.33,33.33,33.33,33.33,33.33
920,925,919.9666667,924.9333333,150,30.2,33.33,33.33,33.33,33.33,33.33
925,930,924.9666667,929.9333333,150,30.2,33.33,33.33,33.33,33.33,33.33
930,935,929.9666667,934.9333333,150,30.2,33.33,33.33,33.33,33.33,33.33
935,940,934.9666667,939.9333333,150,30.2,33.33,33.33,33.33,33.33,33.33
940,945,939.9666667,944.9333333,150,30.2,33.33,33.33,33.33,33.33,33.33
945,950,944.9666667,949.9333333,150,30.2,33.33,33.33,33.33,33.33,33.33
950,955,949.9666667,954.9333333,150,30.2,33.33,33.33,33.33,33.33,33.33
955,960,954.9666667,959.9333333,150,30.2,33.33,33.33,33.33,33.33,33.33
960,965,959.9666667,964.9333333,150,30.2,33.33,33.33,33.33,33.33,33.33
965,970,964.9666667,969.9333333,150,30.2,33.33,33.33,33.33,33.33,33.33
970,975,969.9666667,974.9333333,150,30.2,33.33,33.33,33.33,33.33,33.33
975,980,974.9666667,979.9333333,150,30.2,33.33,33.33,33.33,33.33,33.33
980,985,979.9666667,984.9333333,150,30.2,33.33,33.33,33.33,33.33,33.33
985,990,984.9666667,989.9333333,150,30.2,33.33,33.33,33.33,33.33,33.33
990,995,989.9666667,994.9333333,150,30.2,33.33,33.33,33.33,33.33,33.33
995,1000,994.9666667,999.9333333,150,30.2,33.33,33.33,33.33,33.33,33.33
1000,1005,999.9666667,1004.933333,150,30.2,33.33,33.33,33.33,33.33,33.33
1005,1010,1004.966667,1009.933333,150,30.2,33.33,33.33,33.33,33.33,33.33
1010,1015,1009.966667,1014.933333,150,30.2,33.33,33.33,33.33,33.33,33.33
1015,1020,1014.966667,1019.933333,150,30.2,33.33,33.33,33.33,33.33,33.33
1020,1025,1019.966667,1024.933333,150,30.2,33.33,33.33,33.33,33.33,33.33
1025,1030,1024.966667,1029.933333,150,30.2,33.33,33.33,33.33,33.33,33.33
1030,1035,1029.966667,1034.933333,150,30.2,33.33,33.33,33.33,33.33,33.33
1035,1040,1034.966667,1039.933333,150,30.2,33.33,33.33,33.33,33.33,33.33
1040,1045,1039.966667,1044.933333,150,30.2,33.33,33.33,33.33,33.33,33.33
1045,1050,1044.966667,1049.933333,150,30.2,33.33,33.33,33.33,33.33,33.33
1050,1055,1049.966667,1054.933333,150,30.2,33.33,33.33,33.33,33.33,33.33
1055,1060,1054.966667,1059.933333,150,30.2,33.33,33.33,33.33,33.33,33.33
1060,1065,1059.966667,1064.933333,150,30.2,33.33,33.33,33.33,33.33,33.33
1065,1070,1064.966667,1069.933333,150,30.2,33.33,33.33,33.33,33.33,33.33
1070,1075,1069.966667,1074.933333,150,30.2,33.33,33.33,33.33,33.33,33.33
1075,1080,1074.966667,1079.933333,150,30.2,33.33,33.33,33.33,33.33,33.33
1080,1085,1079.966667,1084.933333,150,30.2,33.33,33.33,33.33,33.33,33.33
1085,1090,1084.966667,1089.933333,150,30.2,33.33,33.33,33.33,33.33,33.33
1090,1095,1089.966667,1094.933333,150,30.2,33.33,33.33,33.33,33.33,33.33
1095,1100,1094.966667,1099.933333,150,30.2,33.33,33.33,33.33,33.33,33.33
1100,1105,1099.966667,1104.933333,150,30.2,33.33,33.33,33.33,33.33,33.33
1105,1110,1104.966667,1109.933333,150,30.2,33.33,33.33,33.33,33.33,33.33
1110,1115,1109.966667,1114.933333,150,30.2,33.33,33.33,33.33,33.33,33.33
1115,1120,1114.966667,1119.933333,150,30.2,33.33,33.33,33.33,33.33,33.33
1120,1125,1119.966667,1124.933333,150,30.2,33.33,33.33,33.33,33.33,33.33
1125,1130,1124.966667,1129.933333,150,30.2,33.33,33.33,33.33,33.33,33.33
1130,1135,1129.966667,1134.933333,150,30.2,33.33,33.33,33.33,33.33,33.33
1135,1140,1134.966667,1139.933333,150,30.2,33.33,33.33,33.33,33.33,33.33
1140,1145,1139.966667,1144.933333,150,30.2,33.33,33.33,33.33,33.33,33.33
1145,1150,1144.966667,1149.933333,150,30.2,33.33,33.33,33.33,33.33,33.33
1150,1155,1149.966667,1154.933333,150,30.2,33.33,33.33,33.33,33.33,33.33
1155,1160,1154.966667,1159.933333,150,30.2,33.33,33.33,33.33,33.33,33.33
1160,1165,1159.966667,1164.933333,150,30.2,33.33,33.33,33.33,33.33,33.33
1165,1170,1164.966667,1169.933333,150,30.2,33.33,33.33,33.33,33.33,33.33
1170,1175,1169.966667,1174.933333,150,30.2,33.33,33.33,33.33,33.33,33.33
1175,1180,1174.966667,1179.933333,150,30.2,33.33,33.33,33.33,33.33,33.33
1180,1185,1179.966667,1184.933333,150,30.2,33.33,33.33,33.33,33.33,33.33
1185,1190,1184.966667,1189.933333,150,30.2,33.33,33.33,33.33,33.33,33.33
1190,1195,1189.966667,1194.933333,150,30.2,33.33,33.33,33.33,33.33,33.33
1195,1200,1194.966667,1199.933333,150,30.2,33.33,33.33,33.33,33.33,33.33
1200,1205,1199.966667,1204.933333,150,30.2,33.33,33.33,33.33,33.33,33.33
1205,1210,1204.966667,1209.933333,150,30.2,33.33,33.33,33.33,33.33,33.33
1210,1215,1209.966667,1214.933333,150,30.2,33.33,33.33,33.33,33.33,33.33
1215,1220,1214.966667,1219.933333,150,30.2,33.33,33.33,33.33,33.33,33.33
1220,1225,1219.966667,1224.933333,150,30.2,33.33,33.33,33.33,33.33,33.33
1225,1230,1224.966667,1229.933333,150,30.2,33.33,33.33,33.33,33.33,33.33
1230,1235,1229.966667,1234.933333,150,30.2,33.33,33.33,33.33,33.33,33.33
1235,1240,1234.966667,1239.933333,150,30.2,33.33,33.33,33.33,33.33,33.33
1240,1245,1239.966667,1244.933333,150,30.2,33.33,33.33,33.33,33.33,33.33
1245,1250,1244.966667,1249.333333,132,30.23,33.33,33.33,33.33,33.33,33.33
