frame,pred_q,gt_q
0,4,1
17,3,1
18,4,1
28,3,1
34,2,2
51,1,2
55,2,2
80,3,2
88,2,2
96,3,2
99,2,2
100,3,2
102,4,3
113,3,2
115,2,2
132,1,2
136,2,2
154,3,2
161,2,2
183,1,2
200,2,2
261,1,2
292,2,2
298,1,2
302,2,2
331,1,2
419,2,2
438,3,2
441,2,2
451,1,2
513,2,2
514,1,2
542,2,2
574,1,2
596,2,2
631,1,2
634,2,2
640,1,2
651,2,2
659,1,2
673,2,2
722,1,2
733,2,2
779,1,2
796,2,2
817,3,2
823,4,3
830,3,2
833,2,2
846,1,2
850,2,2
871,3,2
877,2,2
923,3,2
929,2,2
940,3,2
942,4,3
951,3,2
954,2,2
1086,3,2
1094,2,2
1101,3,2
1107,2,2
1154,3,2
1160,2,2
1180,3,2
1182,4,3
1192,3,2
1228,2,2
1251,3,2
1271,2,2
1273,3,2
1290,2,4
1300,3,2
1302,4,2
1312,3,4
1346,2,4
1352,3,2
1422,4,4
1433,3,4
1542,4,4
1553,3,4
1662,4,4
1672,3,4
1782,4,4
1793,3,4
1902,4,4
1913,3,4
2022,4,4
2031,3,4
2142,4,4
2154,3,4
2255,4,4
2256,3,4
2261,4,4
2272,3,4
2382,4,4
2392,3,4
2502,4,2
2513,3,4
2543,2,2
2545,3,2
2592,2,4
2596,3,2
2622,4,4
2632,3,4
2742,4,2
2751,3,4
2854,2,4
2860,3,2
2863,4,2
2872,3,4
2910,2,4
2911,3,2
2981,4,2
2992,3,4
3056,2,4
3065,3,2
3102,4,2
3109,3,4
3159,2,2
3173,3,2
3214,2,2
3220,3,2
3223,4,3
3234,3,2
3266,2,2
3276,3,2
3318,2,2
3329,3,2
3341,4,3
3355,3,2
3371,2,2
3383,3,2
3425,2,4
3436,3,2
3461,4,2
3471,3,4
3480,2,4
3488,3,2
3507,4,2
3508,3,4
3529,2,4
3542,3,2
3583,4,2
3588,3,4
3640,2,2
3645,3,2
3695,2,4
3699,3,2
3703,4,2
3711,3,4
3747,2,4
3751,3,2
3822,4,4
3831,3,4
3942,4,2
3952,3,4
4019,2,4
4021,3,2
4062,4,2
4067,3,4
4123,2,2
4127,3,2
4129,2,2
4132,3,2
4176,2,4
4180,3,2
4184,4,4
4192,3,4
4204,4,4
4210,3,3
4230,2,2
4238,3,3
4256,4,4
4261,3,3
4284,2,2
4293,3,3
4302,4,4
4315,3,3
4337,2,2
4345,3,3
4389,2,2
4399,3,3
4421,4,4
4432,3,3
4542,4,4
4549,3,3
4610,2,2
4613,3,3
4667,4,4
4670,3,3
4781,4,4
4799,3,3
4863,2,2
4869,3,3
4900,4,4
4908,3,3
4919,2,2
4921,3,3
4950,4,4
4951,3,3
4965,2,2
4974,3,3
5016,2,2
5021,3,3
5027,4,4
5030,3,3
5040,4,4
5044,3,3
5053,4,4
5056,3,3
5068,2,2
5078,3,3
5120,2,2
5128,3,3
5141,4,3
5154,3,3
5173,2,2
5181,3,3
5218,2,2
5234,3,3
5254,4,4
5270,3,3
5274,2,2
5284,3,3
5340,4,4
5363,3,3
5384,4,4
5389,3,3
5395,4,4
5405,3,3
5414,4,4
5424,3,3
5433,2,2
5437,3,3
5455,4,4
5464,3,3
5501,4,4
5518,3,3
5556,4,4
5572,3,3
5585,2,2
5588,3,3
5612,4,4
5633,3,3
5639,2,2
5647,3,3
5658,4,4
5663,3,3
5676,4,4
5677,3,3
5710,4,4
5713,3,3
5742,4,4
5765,3,3
5790,2,2
5794,3,3
5811,4,4
5814,3,3
5839,2,2
5846,3,3
5861,4,4
5872,3,3
5889,2,2
5896,3,3
5939,2,2
5950,3,3
5982,4,3
5991,3,3
6042,2,2
6051,3,3
6093,2,2
6101,3,3
6104,4,3
6110,3,3
6144,2,2
6161,3,3
6194,2,2
6212,3,3
6222,4,3
6233,3,3
6247,2,2
6263,3,3
6298,2,2
6314,3,3
6342,4,3
6350,3,3
6354,2,2
6362,3,3
6400,2,2
6413,3,3
6452,2,2
6506,3,3
6507,2,2
6508,3,3
6555,2,2
6563,3,3
6582,4,3
6592,3,3
6607,2,2
6613,3,3
6652,2,2
6665,3,3
6698,2,2
6700,3,3
6704,4,3
6709,3,3
6747,2,2
6764,3,3
6796,2,2
6816,3,3
6822,4,3
6831,3,3
6847,2,2
6862,3,3
6897,2,2
6914,3,3
6942,4,3
6950,3,3
6954,2,2
6964,3,3
6997,2,2
7014,3,3
7046,2,2
7096,3,3
7097,2,2
7113,3,3
7145,2,2
7162,3,3
7181,4,3
7192,3,3
7196,2,2
7211,3,3
7240,2,2
7260,3,3
7292,2,2
7301,3,3
7304,4,3
7312,3,3
7342,2,2
7360,3,3
7393,2,2
7412,3,3
7421,4,3
7431,3,3
7445,2,2
7459,3,3
7496,2,2
7513,3,3
7542,4,3
7549,3,3
7554,2,2
7567,3,3
7598,2,2
7617,3,3
7646,2,2
7713,3,3
7748,2,2
7761,3,3
7782,4,3
7791,3,3
7796,2,2
7810,3,3
7845,2,2
7859,3,3
7896,2,2
7900,3,3
7907,4,3
7909,3,3
7954,2,2
7960,3,3
8000,2,2
8012,3,3
8022,4,3
8032,3,3
8052,2,2
8065,3,3
8098,2,2
8115,3,3
8141,4,3
8150,3,3
8153,2,2
8162,3,3
8198,2,2
8213,3,3
8246,2,2
8257,3,3
8263,4,3
8274,3,3
8300,2,2
8305,3,3
8348,2,2
8357,3,3
8382,4,3
8394,3,3
8402,2,2
8404,3,3
8421,2,2
8434,3,3
8470,2,2
8480,3,3
8500,4,3
8511,3,3
8520,2,2
8530,3,3
8568,2,2
8580,3,3
8621,4,4
8626,3,3
8629,4,4
8630,3,3
8669,2,2
8676,3,3
8740,4,4
8751,3,3
8819,2,2
8831,3,3
8859,4,4
8868,3,3
8874,2,2
8879,3,3
8917,2,2
8932,3,3
8969,2,2
8978,3,3
8981,4,4
8995,3,3
9004,4,4
9007,3,3
9017,2,2
9027,3,3
9067,2,2
9075,3,3
9099,4,4
9111,3,3
9214,2,2
9216,3,3
9221,4,4
9231,3,3
9312,2,2
9314,3,3
9340,4,4
9352,3,3
9402,2,2
9410,3,3
9448,2,2
9458,3,3
9461,4,4
9472,3,3
9484,4,4
9486,3,3
9494,2,2
9502,3,3
9540,2,2
9552,3,3
9580,4,3
9586,3,3
9592,2,2
9599,3,3
9634,2,2
9648,3,3
9683,2,2
9695,3,3
9701,4,3
9713,3,3
9731,2,2
9741,3,3
9742,2,2
9743,3,3
9780,2,2
9794,3,3
9821,4,3
9828,3,3
9833,2,2
9837,3,3
9877,2,2
9890,3,3
9928,2,2
9939,3,3
9942,4,4
9951,3,3
9977,2,2
9990,3,3
10010,4,4
10013,3,3
10023,2,2
10038,3,3
10059,4,4
10071,3,3
10074,2,2
10088,3,3
10118,2,2
10137,3,3
10166,2,2
10236,3,3
10265,2,2
10287,3,3
10301,4,3
10310,3,3
10316,2,2
10334,3,3
10365,2,2
10385,3,3
10414,2,2
10419,3,3
10422,4,3
10425,3,3
10464,2,2
10486,3,3
10514,2,2
10531,3,3
10541,4,3
10553,3,3
10566,2,2
10581,3,3
10614,2,2
10629,3,3
10661,4,3
10666,3,3
10672,2,2
10679,3,3
10713,2,2
10731,3,3
10765,2,2
10775,3,3
10781,4,3
10793,3,3
10814,2,2
10824,3,3
10866,2,2
10874,3,3
10901,4,3
10910,3,3
10915,2,2
10927,3,3
10968,2,2
10972,3,3
11015,2,2
11019,3,3
11021,4,3
11026,3,3
11062,2,2
11079,3,3
11112,2,2
11128,3,3
11140,4,3
11151,3,3
11169,2,2
11180,3,3
11211,2,2
11218,3,3
11220,2,2
11230,3,3
11253,4,4
11256,3,3
11260,4,4
11268,3,3
11273,2,2
11279,3,3
11302,4,4
11306,3,3
11311,2,2
11328,3,3
11359,2,2
11376,3,3
11381,4,3
11394,3,3
11408,2,2
11423,3,3
11455,2,2
11472,3,3
11501,4,3
11508,3,3
11517,2,2
11519,3,3
11557,2,2
11558,3,3
11563,2,2
11571,3,3
11596,4,4
11597,3,3
11605,2,2
11619,3,3
11621,4,4
11637,3,3
11652,2,2
11668,3,3
11682,4,4
11685,3,3
11700,2,2
11717,3,3
11740,4,4
11750,3,3
11756,2,2
11765,3,3
11805,2,2
11817,3,3
11851,2,2
11859,3,3
11862,4,4
11869,3,3
11887,4,4
11888,3,3
11901,2,2
11915,3,3
11947,2,2
11963,3,3
11980,4,3
11990,3,3
11999,2,2
12007,3,3
12046,2,2
12057,3,3
12096,2,2
12098,3,3
12101,4,3
12105,3,3
12145,2,2
12159,3,3
12193,2,2
12206,3,3
12220,4,3
12231,3,3
12245,2,2
12253,3,3
12294,2,2
12304,3,3
12341,4,3
12344,3,3
12352,2,2
12356,3,3
12390,2,2
12406,3,3
12439,2,2
12456,3,3
12461,4,3
12471,3,3
12492,2,2
12503,3,3
12540,2,2
12554,3,3
12581,4,3
12587,3,3
12592,2,2
12602,3,3
12630,2,2
12653,3,3
12673,4,4
12686,3,3
12701,4,4
12711,3,3
12739,2,2
12752,3,3
12801,4,4
12812,3,3
12820,4,4
12831,3,3
12835,2,2
12837,3,3
12881,2,2
12897,3,3
12928,2,2
12994,3,3
13022,2,2
13041,3,3
13061,4,3
13069,3,3
13076,2,2
13093,3,3
13123,2,2
13141,3,3
13170,2,2
13180,3,3
13188,4,3
13190,3,3
13222,2,2
13236,3,3
13272,2,2
13294,3,3
13301,4,3
13313,3,3
13322,2,2
13339,3,3
13366,2,2
13387,3,3
13416,2,2
13419,3,3
13421,4,3
13425,3,3
13431,2,2
13440,3,3
13467,2,2
13488,3,3
13514,2,2
13535,3,3
13541,4,3
13551,3,3
13565,2,2
13584,3,3
13615,2,2
13642,3,3
13661,4,3
13668,3,3
13672,2,2
13687,3,3
13713,2,2
13740,3,3
13763,2,2
13825,1,1
13829,2,2
13839,3,3
13860,2,2
13885,3,3
13901,4,3
13910,3,3
13924,2,2
13944,3,3
13969,2,2
13993,3,3
14016,2,2
14019,3,3
14022,4,3
14024,3,3
14031,2,2
14037,3,3
14066,2,2
14095,3,3
14119,2,2
14190,3,3
14229,2,2
14236,3,3
14260,4,4
14274,3,3
14278,2,2
14294,3,3
14305,4,4
14307,3,3
14324,2,2
14343,3,3
14375,2,2
14379,3,3
14382,4,3
14386,3,3
14427,2,2
14446,3,3
14474,2,2
14492,3,3
14497,2,2
14499,3,3
14501,4,3
14510,3,3
14532,2,2
14553,3,3
14579,2,2
14601,3,3
14621,4,3
14629,3,3
14633,2,2
14638,3,3
14643,2,2
14648,3,3
14684,2,2
14706,3,3
14735,2,2
14739,3,3
14742,4,3
14745,3,3
14790,2,2
14810,3,3
14839,2,2
14858,3,3
14861,4,3
14871,3,3
14892,2,2
14913,3,3
14943,2,2
14964,3,3
14981,4,3
14989,3,3
14994,2,2
15011,3,3
15051,2,2
15069,3,3
15102,4,3
15104,3,3
15111,2,2
15116,3,3
15145,2,2
15172,3,3
15201,2,2
15242,3,3
15253,2,2
15279,3,3
15304,2,2
15327,3,3
15341,4,3
15349,3,3
15356,2,2
15374,3,3
15409,2,2
15432,3,3
15462,4,3
15464,3,3
15472,2,2
15477,3,3
15507,2,2
15512,3,3
15514,2,2
15534,3,3
15560,2,2
15599,3,3
15618,2,2
15627,3,3
15629,2,2
15638,3,3
15665,2,2
15686,3,3
15701,4,3
15710,3,3
15715,2,2
15729,3,3
15731,2,2
15734,3,3
15765,2,2
15792,3,3
15813,2,2
15819,3,3
15822,4,3
15824,3,3
15833,2,2
15838,3,3
15866,2,2
15893,3,3
15914,2,2
15958,3,3
15966,2,2
15984,3,3
15994,2,2
15996,3,3
16023,2,2
16048,3,3
16061,4,3
16070,3,3
16074,2,2
16092,3,3
16113,2,2
16139,3,3
16158,2,2
16161,3,3
16167,2,2
16179,3,3
16183,4,3
16185,3,3
16222,2,2
16245,3,3
16268,2,2
16294,3,3
16301,4,3
16310,3,3
16321,2,2
16348,3,3
16368,2,2
16395,3,3
16405,2,2
16419,3,3
16422,4,3
16429,3,3
16446,2,2
16469,3,3
16491,2,2
16515,3,3
16543,4,3
16546,3,3
16553,2,2
16567,3,3
16596,2,2
16614,3,3
16640,2,2
16659,3,3
16663,4,3
16670,3,3
16696,2,2
16718,3,3
16741,2,2
16761,3,3
16782,4,3
16789,3,3
16800,2,2
16807,3,3
16844,2,2
16867,3,3
16889,2,2
16901,3,3
16915,4,3
16916,3,3
16947,2,2
16966,3,3
16993,2,2
17010,3,3
17020,4,3
17032,3,3
17042,2,2
17059,3,3
17092,2,2
17113,3,3
17142,4,3
17147,3,3
17153,2,2
17154,3,3
17193,2,2
17208,3,3
17239,2,2
17259,3,3
17262,4,3
17273,3,3
17289,2,2
17304,3,3
17340,2,2
17353,3,3
17382,4,3
17388,3,3
17393,2,2
17394,3,3
17441,2,2
17451,3,3
17482,2,2
17495,3,3
17500,4,3
17512,3,3
17534,2,2
17546,3,3
17579,2,2
17593,3,3
17621,4,4
17630,3,3
17636,2,2
17639,3,3
17660,4,4
17662,3,3
17678,2,2
17691,3,3
17727,2,2
17739,3,3
17743,4,4
17749,3,3
17759,4,4
17764,3,3
17777,2,2
17789,3,3
17827,2,2
17830,3,3
17833,2,2
17839,3,3
17860,4,4
17869,3,3
17875,2,2
17884,3,3
17899,4,4
17903,3,3
17920,2,2
17928,3,3
17971,2,2
17979,3,3
17983,4,3
18006,3,3
18020,2,2
18026,3,3
18065,2,2
18076,3,3
18098,4,3
18108,3,3
18161,2,2
18170,3,3
18202,2,2
18213,3,3
18221,4,3
18232,3,3
18250,2,2
18253,3,3
18259,2,2
18261,3,3
18284,4,4
18285,3,3
18293,2,2
18306,3,3
18314,4,4
18317,3,3
18338,2,2
18339,3,3
18386,2,2
18394,3,3
18409,4,4
18414,3,3
18426,2,2
18439,3,3
18462,4,4
18467,3,3
18475,2,2
18481,3,3
18515,2,2
18528,3,3
18560,2,2
18574,3,3
18581,4,3
18599,3,3
18605,2,2
18618,3,3
18650,2,2
18661,3,3
18696,2,2
18701,3,3
18721,4,3
18727,3,3
18739,2,2
18751,3,3
18784,2,2
18797,3,3
18822,4,3
18823,3,3
18830,2,2
18840,3,3
18865,2,2
18887,3,3
18918,2,2
18930,3,3
18940,4,3
18951,3,3
18967,2,2
18972,3,3
19009,2,2
19021,3,3
19031,4,4
19036,3,3
19051,2,2
19060,3,3
19070,4,4
19072,3,3
19097,2,2
19110,3,3
19121,4,4
19122,3,3
19141,2,2
19154,3,3
19182,4,4
19186,3,3
19191,2,2
19200,3,3
19229,2,2
19242,3,3
19278,2,2
19290,3,3
19300,4,3
19313,3,3
19321,2,2
19333,3,3
19364,2,2
19379,3,3
19397,4,4
19399,3,3
19410,2,2
19420,3,3
19426,4,4
19437,3,3
19457,2,2
19469,3,3
19500,2,2
19511,3,3
19541,4,4
19544,3,3
19556,2,2
19559,3,3
19571,4,4
19575,3,3
19590,2,2
19604,3,3
19639,2,2
19649,3,3
19661,4,3
19673,3,3
19682,2,2
19694,3,3
19728,2,2
19739,3,3
19772,2,2
19781,3,3
19795,4,4
19800,3,3
19817,2,2
19832,3,3
19853,4,4
19854,3,3
19862,2,2
19875,3,3
19882,4,4
19884,3,3
19902,4,4
19904,3,3
19913,2,2
19919,3,3
19940,4,4
19941,3,3
19954,2,2
19967,3,3
19979,4,4
19981,3,3
19999,2,2
20007,3,3
20021,4,4
20031,3,3
20034,4,4
20038,3,3
20048,2,2
20058,3,3
20074,4,4
20076,3,3
20089,2,2
20104,3,3
20137,2,2
20142,3,3
20180,2,2
20196,3,3
20228,2,2
20241,3,3
20256,4,3
20268,3,3
20274,2,2
20285,3,3
20321,2,2
20333,3,3
20362,2,2
20378,3,3
20382,4,4
20391,3,3
20415,2,2
20422,3,3
20440,4,4
20443,3,3
20455,2,2
20470,3,3
20535,4,4
20538,3,3
20549,2,2
20563,3,3
20596,2,2
20609,3,3
20621,4,3
20630,3,3
20640,2,2
20656,3,3
20687,2,2
20700,3,3
20730,2,2
20741,3,3
20779,2,2
20794,3,3
20804,4,4
20805,3,3
20824,2,2
20840,3,3
20860,4,4
20866,3,3
20873,2,2
20885,3,3
20917,2,2
20932,3,3
20962,2,2
20975,3,3
20982,4,3
20992,3,3
21010,2,2
21024,3,3
21054,2,2
21067,3,3
21146,2,2
21160,3,3
21197,2,2
21207,3,3
21221,4,4
21230,3,3
21238,2,2
21250,3,3
21263,4,4
21264,3,3
21285,2,2
21302,3,3
21331,2,2
21341,3,3
21382,2,2
21394,3,3
21423,2,2
21436,3,3
21461,4,4
21469,3,3
21473,2,2
21487,3,3
21495,4,4
21499,3,3
21515,2,2
21530,3,3
21566,2,2
21579,3,3
21583,4,3
21596,3,3
21608,2,2
21622,3,3
21658,2,2
21670,3,3
21750,2,2
21760,3,3
21794,2,2
21809,3,3
21819,4,3
21831,3,3
21842,2,2
21854,3,3
21887,2,2
21903,3,3
21935,2,2
21941,3,3
21979,2,2
21995,3,3
22027,2,2
22041,3,3
22059,4,3
22067,3,3
22073,2,2
22083,3,3
22120,2,2
22132,3,3
22163,2,2
22179,3,3
22187,4,4
22189,3,3
22197,4,4
22201,3,3
22214,2,2
22226,3,3
22237,4,4
22241,3,3
22259,2,2
22272,3,3
22310,2,2
22317,3,3
22354,2,2
22367,3,3
22396,2,2
22408,3,3
22421,4,4
22432,3,3
22435,4,4
22437,3,3
22446,2,2
22462,3,3
22496,2,2
22503,3,3
22592,2,2
22600,3,3
22617,4,4
22620,3,3
22636,2,2
22648,3,3
22661,4,4
22669,3,3
22680,2,2
22693,3,3
22727,2,2
22742,3,3
22770,2,2
22780,3,3
22787,4,3
22795,3,3
22818,2,2
22830,3,3
22862,2,2
22875,3,3
22902,4,3
22905,3,3
22910,2,2
22921,3,3
22950,2,2
22963,3,3
22997,2,2
23012,3,3
23021,4,3
23032,3,3
23039,2,2
23053,3,3
23089,2,2
23101,3,3
23116,4,4
23119,3,3
23130,2,2
23140,3,3
23143,4,4
23155,3,3
23171,2,2
23187,3,3
23214,2,2
23227,3,3
23272,2,2
23274,3,3
23287,4,3
23292,3,3
23307,2,2
23319,3,3
23354,2,2
23370,3,3
23381,4,3
23389,3,3
23397,2,2
23411,3,3
23443,2,2
23458,3,3
23489,2,2
23497,3,3
23503,4,3
23511,3,3
23533,2,2
23548,3,3
23578,2,2
23591,3,3
23631,2,2
23639,3,3
23672,2,2
23684,3,3
23715,2,2
23731,3,3
23741,4,4
23759,3,3
23765,2,2
23777,3,3
23789,4,4
23790,3,3
23809,2,2
23824,3,3
23858,2,2
23860,3,3
23880,4,3
23887,3,3
23902,2,2
23914,3,3
23947,2,2
23962,3,3
23981,4,3
23989,3,3
23993,2,2
24004,3,3
24036,2,2
24051,3,3
24087,2,2
24099,3,3
24103,4,4
24111,3,3
24113,4,4
24118,3,3
24130,2,2
24141,3,3
24172,2,2
24191,3,3
24216,2,2
24221,3,3
24264,2,2
24281,3,3
24307,2,2
24323,3,3
24342,4,4
24349,3,3
24359,2,2
24372,3,3
24385,4,4
24388,3,3
24422,2,2
24436,3,3
24460,4,4
24466,3,3
24474,2,2
24483,3,3
24512,2,2
24527,3,3
24561,2,2
24576,3,3
24581,4,3
24593,3,3
24605,2,2
24619,3,3
24652,2,2
24667,3,3
24694,2,2
24698,3,3
24744,2,2
24761,3,3
24785,2,2
24803,3,3
24819,4,4
24829,3,3
24841,2,2
24855,3,3
24866,4,4
24868,3,3
24881,2,2
24899,3,3
24930,2,2
24939,3,3
24975,2,2
24993,3,3
25026,2,2
25041,3,3
25060,4,3
25067,3,3
25075,2,2
25082,3,3
25086,2,2
25090,3,3
25119,2,2
25136,3,3
25164,2,2
25178,3,3
25181,4,4
25187,3,3
25200,4,4
25201,3,3
25213,2,2
25226,3,3
25254,2,2
25276,3,3
25300,4,3
25304,3,3
25310,2,2
25316,3,3
25352,2,2
25368,3,3
25396,2,2
25412,3,3
25419,4,3
25430,3,3
25443,2,2
25462,3,3
25486,2,2
25504,3,3
25532,2,2
25538,3,3
25579,2,2
25593,3,3
25627,2,2
25643,3,3
25658,4,3
25667,3,3
25672,2,2
25684,3,3
25710,2,2
25712,3,3
25716,2,2
25733,3,3
25759,2,2
25772,3,3
25780,4,3
25790,3,3
25808,2,2
25823,3,3
25850,2,2
25865,3,3
25892,2,2
25898,3,3
25901,4,3
25903,3,3
25941,2,2
25958,3,3
25985,2,2
26003,3,3
26019,4,3
26029,3,3
26035,2,2
26047,3,3
26078,2,2
26093,3,3
26125,2,2
26138,3,3
26142,4,3
26156,3,3
26169,2,2
26189,3,3
26216,2,2
26231,3,3
26260,4,3
26264,3,3
26272,2,2
26279,3,3
26309,2,2
26326,3,3
26334,4,4
26335,3,3
26351,2,2
26372,3,3
26380,4,4
26390,3,3
26401,2,2
26416,3,3
26444,2,2
26464,3,3
26488,2,2
26499,3,3
26531,2,2
26551,3,3
26578,2,2
26597,3,3
26620,4,3
26624,3,3
26630,2,2
26639,3,3
26667,2,2
26684,3,3
26711,2,2
26730,3,3
26739,4,3
26749,3,3
26757,2,2
26771,3,3
26801,2,2
26822,3,3
26846,2,2
26858,3,3
26862,4,3
26869,3,3
26891,2,2
26910,3,3
26936,2,2
26952,3,3
26980,4,3
26984,3,3
26992,2,2
26998,3,3
27028,2,2
27045,3,3
27071,2,2
27091,3,3
27100,4,3
27112,3,3
27118,2,2
27134,3,3
27160,2,2
27179,3,3
27207,2,2
27219,3,3
27222,4,3
27224,3,3
27252,2,2
27270,3,3
27297,2,2
27315,3,3
27340,4,4
27342,3,3
27346,2,2
27359,3,3
27367,4,4
27386,3,3
27403,4,4
27421,3,3
27423,4,4
27428,3,3
27431,4,4
27434,3,3
27456,4,4
27475,3,3
27486,4,4
27490,3,3
27497,4,4
27520,3,3
27542,4,4
27563,3,3
27580,4,4
27602,3,3
27632,4,4
27649,3,3
27662,2,2
27665,3,3
27678,4,4
27687,3,3
27700,4,4
27703,3,3
27726,4,4
27728,3,3
27731,4,4
27739,3,3
27770,4,4
27783,3,3
27796,2,2
27802,3,3
27816,4,4
27830,3,3
27843,2,2
27844,3,3
27885,2,2
27893,3,3
27932,2,2
27935,3,3
27940,4,4
27953,3,3
27976,2,2
27983,3,3
27999,4,4
28010,3,3
28020,2,2
28028,3,3
28059,4,4
28064,3,3
28071,2,2
28075,3,3
28111,2,2
28121,3,3
28157,2,2
28167,3,3
28179,4,3
28190,3,3
28208,2,2
28211,3,3
28251,2,2
28261,3,3
28295,2,2
28298,3,3
28301,4,4
28303,3,3
28343,2,2
28357,3,3
28374,4,4
28378,3,3
28389,2,2
28400,3,3
28418,4,4
28428,3,3
28435,2,2
28445,3,3
28485,2,2
28490,3,3
28526,2,2
28538,3,3
28541,4,3
28551,3,3
28571,2,2
28580,3,3
28620,2,2
28635,3,3
28658,4,4
28664,3,3
28672,2,2
28678,3,3
28700,4,4
28702,3,3
28713,2,2
28727,3,3
28759,2,2
28771,3,3
28779,4,3
28790,3,3
28808,2,2
28820,3,3
28847,2,2
28871,3,3
28900,4,3
28904,3,3
28946,2,2
28960,3,3
28994,2,2
29008,3,3
29019,4,3
29031,3,3
29045,2,2
29056,3,3
29088,2,2
29102,3,3
29134,2,2
29138,3,3
29182,2,2
29194,3,3
29229,2,2
29244,3,3
29259,4,3
29269,3,3
29277,2,2
29291,3,3
29322,2,2
29339,3,3
29363,2,2
29531,3,3
29561,2,2
29575,3,3
29608,2,2
29618,3,3
29620,4,3
29629,3,3
29654,2,2
29668,3,3
29703,2,2
29720,3,3
29739,4,3
29749,3,3
29756,2,2
29765,3,3
29797,2,2
29813,3,3
29843,2,2
29889,3,3
29891,2,2
29908,3,3
29938,2,2
29960,3,3
29979,4,3
29989,3,3
29993,2,2
30003,3,3
30035,2,2
30056,3,3
30084,2,2
30098,3,3
30100,4,3
30112,3,3
30134,2,2
30155,3,3
30182,2,2
30200,3,3
30219,4,4
30229,3,3
30232,2,2
30247,3,3
30253,4,4
30258,3,3
30273,2,2
30292,3,3
30321,2,2
30338,3,3
30340,4,3
30351,3,3
30368,2,2
30386,3,3
30415,2,2
30437,3,3
30458,4,3
30465,3,3
30473,2,2
30482,3,3
30512,2,2
30531,3,3
30554,2,2
30576,3,3
30580,4,3
30590,3,3
30602,2,2
30622,3,3
30643,2,2
30662,3,3
30700,4,3
30705,3,3
30739,2,2
30757,3,3
30788,2,2
30812,3,3
30820,4,3
30830,3,3
30839,2,2
30860,3,3
30885,2,2
30906,3,3
30930,2,2
30978,3,3
30979,2,2
31000,3,3
31025,2,2
31052,3,3
31060,4,3
31070,3,3
31077,2,2
31096,3,3
31124,2,2
31155,3,3
31160,2,2
31167,3,3
31173,2,2
31200,3,3
31228,2,2
31253,3,3
31265,2,2
31268,3,3
31273,2,2
31298,3,3
31300,4,3
31310,3,3
31326,2,2
31350,3,3
31351,2,2
31359,3,3
31364,2,2
31399,3,3
31408,2,2
31418,3,3
31420,4,3
31429,3,3
31460,2,2
31489,3,3
31511,2,2
31538,3,3
31540,4,3
31549,3,3
31560,2,2
31595,3,3
31603,2,2
31658,3,3
31660,4,3
31668,3,3
31671,2,2
31706,3,3
31715,2,2
31727,3,3
31733,2,2
31752,3,3
31762,2,2
31898,3,3
31900,4,3
31909,3,3
31918,2,2
31950,3,3
31963,2,2
32001,3,3
32013,2,2
32018,3,3
32020,4,3
32029,3,3
32032,2,2
32053,3,3
32066,2,2
32115,3,3
32119,2,2
32246,3,3
32257,2,2
32258,3,3
32260,4,3
32269,3,3
32272,2,2
32304,3,3
32309,2,2
32494,3,3
32500,4,3
32509,3,3
32512,2,2
32548,3,3
32554,2,2
32605,3,3
32606,2,2
32635,1,1
32638,2,2
32690,1,1
32695,2,2
32858,3,3
32861,4,3
32869,3,3
32876,2,2
32889,1,1
32897,2,2
32927,3,3
32931,2,2
32942,1,1
32952,2,2
33040,3,3
33045,2,2
33148,1,1
33149,2,2
33199,1,1
33205,2,2
33246,1,1
33251,2,2
33301,1,1
33304,2,2
33402,1,1
33409,2,2
33422,3,3
33429,2,2
33450,1,1
33522,2,2
33561,1,1
33603,2,2
33607,1,1
33609,2,2
33623,1,1
33626,2,2
33629,1,1
33630,2,2
33653,1,1
33676,2,2
33726,1,1
33735,2,2
33763,1,1
33768,2,2
33773,3,3
33776,2,2
33794,1,1
33879,2,2
33880,1,1
33882,2,2
33910,1,1
33937,2,2
33968,1,1
33998,2,2
34012,1,1
34037,2,2
34110,3,3
34117,2,2
34123,1,1
34150,2,2
34158,1,1
34161,2,2
34177,1,1
34196,2,2
34199,1,1
34210,2,2
34251,1,1
34316,2,2
34319,1,1
34362,2,2
34369,1,1
34407,2,2
34414,1,1
34445,2,2
34460,1,1
34463,2,2
34473,1,1
34517,2,2
34523,3,3
34529,2,2
34535,1,1
34578,2,2
34610,1,1
34633,2,2
34641,1,1
34653,2,2
34674,1,1
34717,2,2
34728,1,1
34777,2,2
34794,1,1
34866,2,2
34877,1,1
34880,2,2
34894,1,1
34923,2,2
34945,3,3
34951,2,2
34956,1,1
35001,2,2
35013,1,1
35118,2,2
35133,1,1
35217,2,2
35223,1,1
35229,2,2
35238,1,1
35286,2,2
35301,1,1
35346,2,2
35358,1,1
35472,2,2
35478,1,1
35693,2,2
35703,1,1
35781,2,2
35782,1,1
35832,2,2
35839,1,1
35886,2,2
35891,3,3
35897,2,2
35902,1,1
35950,2,2
35963,1,1
35965,2,2
35974,1,1
35996,2,2
36007,1,1
36012,2,2
36021,1,1
36026,2,2
36036,1,1
36087,2,2
36093,1,1
36435,2,2
36442,1,1
36449,2,2
36455,1,1
36494,2,2
36520,1,1
36568,2,2
36578,3,3
36581,4,3
36588,3,3
36590,2,2
36638,1,1
36679,2,2
36680,1,1
36917,2,2
36926,1,1
36976,2,2
36989,1,1
37141,2,2
37147,3,3
37149,2,2
37155,1,1
37264,2,2
37272,1,1
37327,2,2
37335,1,1
